Booking_Mode,Marketing_Budget,Website_Visits,Ticket_Price,Tickets_Sold,Sales_Revenue,Operating_Expenses,Profit
False,1226.2543186722278,15369.562725102558,460.7556769877651,5823.578035982328,2712451.6534535745,1916005.4871552219,796446.1662983526
False,1301.386653645086,14882.750379990257,408.23253728260323,5549.35333781456,2274784.4067263003,1840279.8459292082,434504.56079709204
False,1319.200344533958,16235.575903218261,456.63037886774737,5946.579958566093,2734862.4051288934,1861655.19411932,873207.2110095734
False,1034.9757119936712,14170.226850272069,480.22431473597226,4928.3417011484535,2415769.305523126,1689508.3300631728,726260.9754599531
True,2289.8177764326074,18979.44593079858,645.5338797797162,7187.561416089953,4687542.005220043,2249854.86467457,2437687.1405454725
True,2163.623390559475,20757.501389599347,610.5126934876988,7146.061256087317,4393181.629500857,2168389.4416353414,2224792.1878655152
False,1154.4958725584218,16436.422596096545,435.7208125175151,6188.059138805305,2719677.5440301397,1881951.4314571358,837726.1125730039
False,1101.76081781743,13780.089955400263,519.730923625408,4795.313517777017,2441145.3347164793,1677191.088334371,763954.2463821082
False,1083.7185083090153,14509.456403308066,498.12615855791444,4379.860515427504,2137104.7268886054,1615840.1067888495,521264.62009975594
True,2064.805412509142,19138.635180375717,563.1683950561929,7633.698830098097,4331798.827208845,2292869.6052290476,2038929.2219797974
True,1972.2380446972447,19190.846382158623,622.3263162697401,7715.633400103822,4827529.822712267,2234086.1228466253,2593443.6998656415
False,1108.2151241656175,14701.199972599174,441.0685731222249,5065.383990614099,2254908.9586937316,1737251.2823425008,517657.6763512308
True,2147.3505285929964,18836.01366112014,592.5293611524412,7529.558341768985,4495098.28160126,2225848.6854837984,2269249.596117462
False,1243.7480812591589,14735.107090881422,425.3659304342753,5144.873631062157,2166293.8251751247,1801644.33240603,364649.49276909465
False,1152.6514489891547,13446.992829829822,437.07247893618097,4279.996702096771,1893265.7057130628,1654194.4574008193,239071.2483122435
False,1288.1097115422447,14580.058433554057,452.80754670653596,5161.034694369347,2297400.2179381778,1798683.407956624,498716.8099815538
True,2214.0854351566804,19046.342355788194,597.6569451578072,7316.429752018724,4375210.2606597,2231636.367260594,2143573.8933991063
False,1068.6604424844425,13611.630432448532,431.89278000959183,5059.768908528717,2222450.698107671,1728722.5829656872,493728.11514198384
False,1127.6049739029304,13158.332324774652,468.72491099499246,4841.129260290802,2242083.302929817,1706612.9952641395,535470.3076656773
False,1313.1146208263851,16248.894219842694,431.1202085199579,5901.354706241587,2622309.5888449713,1838358.5336971832,783951.055147788
False,1286.2728678978065,15545.208059220331,439.0757868599579,5650.3775431330505,2526307.1455625785,1838462.1213420313,687845.0242205472
False,1227.203862772559,13219.571631543298,454.6580533802802,4791.74389166507,2233489.236258087,1796458.0999491345,437031.1363089527
False,1339.4905425070149,14677.632467373747,477.16418456204474,5068.546959142043,2410082.8206238006,1749441.3983189003,660641.4223049004
False,1069.4145925057082,13963.200282100934,462.9464325220139,4983.326965322237,2251455.463187053,1729764.1416232113,521691.32156384154
False,1022.5034599474675,13832.158588522185,433.20252334894127,4977.740760011365,2128426.264584798,1731003.6497452385,397422.6148395594
False,1096.0191171267722,13328.250719803418,427.27354088916223,4853.05134713223,2095647.1120719064,1753040.6785019867,342606.4335699198
True,2064.705291464325,20434.239848745987,547.1738747752005,7405.038175687758,4040683.3101141592,2293403.160361785,1747280.1497523743
True,1954.4695869885875,19134.44960181541,600.2221890436243,7077.112187102222,4276694.375784155,2140380.5361472615,2136313.8396368935
False,1141.533821229037,15161.01518949025,383.6990584018962,5605.574296678817,2156871.7761326693,1796472.309546308,360399.4665863614
False,1082.9999857079638,15073.280154348899,384.1586195469485,5646.49248034169,2145558.606402236,1849959.1860330438,295599.42036919226
False,1125.5485026486117,15939.217186860466,442.7678124614168,5677.020846879702,2550970.713233165,1835746.2225459453,715224.4906872197
False,1079.4255337208406,12957.236230961189,416.4797985748486,4799.11329786806,2052803.527631479,1767578.409256666,285225.1183748131
False,1244.0959446894735,16550.572167537197,436.5273323610279,6052.4519476107525,2612774.7344403416,1920075.1756732566,692699.558767085
False,1295.3869281579864,16250.862374081275,398.05629089177006,6123.486728625355,2457968.7194024217,1896205.1387392993,561763.5806631225
False,1142.3464872578147,15257.39096252071,462.0421402616657,5657.156971843026,2620108.6822327124,1823730.2556823425,796378.42655037
False,1175.1281045435187,16965.54045721515,425.0320263019682,5514.625358931939,2355127.5769875143,1829364.2401133112,525763.336874203
False,1130.2760912985702,14897.143357251078,461.5704914461766,5209.38049690666,2400332.017464848,1784387.0658962943,615944.9515685535
True,2113.7501458763427,20612.33137456642,613.5704171563639,7868.254954167795,4777621.217286828,2248187.2093956103,2529434.0078912177
True,2060.6867246487063,19081.075556015734,595.7837163509532,7387.374431205934,4457658.343001993,2152949.221943275,2304709.1210587183
False,1391.2988280405857,16360.03885445405,403.25154061112477,6105.451755505388,2420289.151851244,1882116.2256701228,538172.926181121
False,1068.543355603496,14715.547426198564,421.1027652177102,5466.764149829976,2267244.4467603895,1810846.513261087,456397.9334993025
False,1243.5002999029257,14578.32058939658,448.9803669920317,5019.474402141483,2279896.2828775346,1759329.575444705,520566.70743282954
False,1253.2789679576003,16913.11480158253,444.4180206953886,6351.867758786224,2830079.4890723033,1883754.9885455696,946324.5005267337
False,1156.7471794810922,14501.873532667872,378.154537162369,4986.376323211642,1853779.3489437294,1728350.735084393,125428.61385933636
False,1270.0240952859292,15056.033023533895,455.8988718461081,5700.739501095073,2572658.8121785605,1798889.7732890819,773769.0388894787
True,1877.3772821211473,19128.153515497237,582.5132220483712,7268.507071180249,4227653.573881093,2156164.700986365,2071488.8728947286
False,1454.2563636875186,14810.111450937211,448.5342302351357,4904.168707524893,2182244.2489741584,1758804.72556472,423439.5234094383
False,1038.954665605627,14971.636357930889,395.58791085063035,5381.4674455119175,2154704.5170427356,1759474.0870751755,395230.4299675601
False,1310.3768712677986,15809.473134402175,442.3249350679801,6019.317594139812,2615925.499251175,1902744.7090329195,713180.7902182557
True,1915.4652785272933,19716.051943430357,562.1192841010829,7314.056513877788,4125905.038621862,2181935.3431665716,1943969.6954552904
True,2188.10596374781,17926.933877694304,594.5274891080733,6525.844466047847,3941015.3174244943,2122124.455517588,1818890.8619069061
False,1153.8271168069198,15676.382383417384,409.56895676481224,5597.1397163679485,2300469.1622022754,1862529.1030282844,437940.059173991
True,2069.0107488594654,19450.411282421934,580.0049601599208,7129.690976844272,4099724.394651129,2250622.505432289,1849101.8892188398
False,1206.4012506848082,13800.671930943165,400.16944647431825,4764.682692565735,1877758.8964387914,1750055.8940721173,127703.00236667413
False,1332.0880914029754,15739.964282513018,414.6247316312322,5824.001147159533,2416521.491703888,1877886.1531977498,538635.3385061382
False,1161.4143059828489,15293.958812695313,359.0777858441378,5909.48376439966,2096995.7821138585,1888232.3550326317,208763.42708122684
False,843.9379548019267,13086.684759471422,450.6809892690497,4659.12402414599,2149162.715209438,1627337.5806449219,521825.13456451613
True,1958.792945192268,21726.295179410754,623.6590305480936,8127.657369820505,4995271.567990809,2264815.1430929354,2730456.4248978733
False,1222.0454787706738,13844.245254611533,404.5029144503556,5028.159643006892,2099463.742638897,1735271.1470963864,364192.59554251074
False,1147.1438154155685,13193.442723051356,371.7085880932223,4984.701401981916,1771856.727656157,1751796.414526786,20060.313129371032
False,1292.3785021584958,14062.954121511906,397.3651755562903,5261.176608638762,2088968.011793059,1840812.477927219,248155.53386584017
False,1321.8392395169362,16451.134033441704,453.16650153942567,6276.992269371265,2801203.7387197614,2007445.7384726033,793758.0002471581
False,1182.2673828120228,14679.17066561569,441.8932270683621,5472.232405099591,2450949.766308513,1852103.8137580073,598845.9525505058
False,1021.2425526740985,14116.131107354462,409.4876253678429,4916.130148908686,1982133.113612792,1733638.7743112505,248494.33930154145
False,1366.0998132007076,15222.697602661703,451.40461730492046,5618.748816913669,2491006.445519076,1842024.5135650872,648981.931953989
False,1329.9664200128182,14654.96689090609,383.5481735283618,5363.037239144083,2043382.1383523403,1825588.57877002,217793.55958232027
False,1164.0970638879571,14172.595881336734,398.5577284118153,5114.755184905107,2022084.8597277822,1779118.4534583366,242966.40626944555
True,2302.99460936713,19750.09311805622,606.6112536339222,7159.877020893024,4265860.770217213,2218625.5038497453,2047235.2663674676
False,1158.1349447888804,15416.683838613993,416.64303346034393,5583.841005896584,2344649.1008080128,1878668.121692958,465980.9791150547
False,1063.545633549795,15470.919817624,399.3771005295679,5624.4820136420585,2150584.298935287,1787386.8971700692,363197.401765218
False,1181.2951879498794,13885.52514529521,332.0755294321009,5180.851775361018,1767487.5887017294,1752906.7784737225,14580.810228006914
True,2179.3400458606925,20245.721284630217,613.4925717114205,7129.387038736744,4360623.3941245405,2208709.4725324186,2151913.921592122
False,1087.505586894898,15319.399925671933,431.3302634689059,5021.007762842912,2203832.872399027,1797810.9723258954,406021.90007313155
True,2284.1470093292137,19308.37606783461,528.9977185007003,7472.912730953379,3929131.457824322,2205401.37473764,1723730.083086682
False,1092.4168542513532,14169.49051738777,441.01139901379844,5222.2857832256095,2271363.276637801,1739226.8107372893,532136.4659005117
False,1314.5306731657488,14220.615869518084,419.49726844344946,5882.128830174138,2493606.9025480775,1926784.0527215872,566822.8498264903
False,1265.3354849043812,13874.879475055,429.75921720810106,5049.34650529137,2146637.611223563,1751153.5479203707,395484.0633031924
True,2031.5131528500613,19767.308148751148,623.08176223016,7690.456143916508,4729878.723265242,2306889.3783191596,2422989.344946082
True,2179.663957446131,19368.674363673603,564.1039618267736,7740.955502144301,4363220.592057461,2252221.4980845153,2110999.0939729456
False,1020.0241453358167,15016.074129036051,444.97474749836965,5396.5527170967025,2346246.8984230026,1807125.7380281545,539121.1603948481
False,1362.9086144319826,15244.500944282985,443.9348953194208,5508.520793677327,2444908.313019352,1845156.8433146805,599751.4697046715
False,1192.357916523571,15233.023619341066,446.6530508741062,5347.647862870779,2443700.813002867,1811681.8362147259,632018.9767881413
False,1134.9077700163784,14460.724026681424,477.25845224071605,5716.248066758286,2766634.4399824776,1804970.016639303,961664.4233431746
True,2139.9008857648096,19364.264481505423,613.0557194964144,6830.638254082121,4187635.918721758,2103579.89847292,2084056.0202488378
False,1327.1878816319092,15103.645094320478,400.34548013812844,5518.508723428576,2202681.275411383,1866294.560940831,336386.7144705518
False,1292.375451674834,15097.204566770666,482.94345470484916,5778.511358852597,2778022.8228424005,1855031.0756260068,922991.7472163937
False,1439.9404585253983,14820.587155395997,381.24406090383263,5451.384005811062,2052805.9600907383,1825909.0071707014,226896.95292003686
True,2179.6871291260118,20415.185019501576,573.8046741974695,7505.664907521943,4320988.562208912,2213124.464474334,2107864.0977345784
False,1354.0207958904487,15921.5852805159,386.2435601148462,5873.8532550086375,2262422.5889638336,1862433.385614147,399989.2033496867
False,1135.2163275388182,14866.793620890996,416.4033720160353,5585.327746039997,2310481.3411873463,1859676.182468252,450805.15871909424
True,2062.7828532474437,21292.820647445267,627.8776749123624,8002.323766514798,5035282.350001411,2263295.8763066023,2771986.4736948083
True,2117.5579098790627,19313.033875024106,635.4225084894205,7307.558140009028,4562651.854997849,2193693.217529668,2368958.637468181
False,1197.8709315956048,15343.427012210444,436.2231095531366,5755.609220466182,2588988.958719071,1910867.7892145654,678121.1695045056
True,2086.196227980788,19439.009626677736,568.6713127746564,7678.070579253607,4391503.829581143,2239833.0571697196,2151670.7724114237
True,2101.1325719361485,20053.88472595449,570.6232790647313,7242.853985943138,4077190.558393837,2198593.8642897587,1878596.6941040782
True,2151.3092701217843,19216.187842668405,568.8881352169852,7213.412534792256,4108226.6659193165,2214495.7325030705,1893730.933416246
False,1187.8069331075972,15854.347679086522,453.34942388132913,5910.512853836907,2634364.19117658,1861413.8769350548,772950.314241525
True,2008.0240941529742,19777.67664114867,558.2711236036389,7663.346752481491,4256654.468451385,2216955.3747123065,2039699.0937390788
True,1950.602121974014,20554.46514235348,620.2584196394264,7696.202735931695,4737830.16927705,2270475.2611897364,2467354.908087313
True,1942.9921208629275,18323.695070929643,588.8592074931511,7221.1337739280625,4295905.5447109295,2178650.972213047,2117254.5724978824
False,1340.6941472815588,14773.502265195044,426.02178753581757,5665.653224897136,2336862.375743094,1845568.1161345183,491294.2596085756
False,1189.8574214397056,14052.34859120503,472.9101434365235,4812.470172768426,2261690.223564599,1686337.9411360142,575352.282428585
True,2144.4333257308654,19467.892302991728,573.3633095079937,7025.557748238399,3962234.5231182924,2143146.010736605,1819088.5123816873
True,1894.3163384388697,18723.010484786046,648.1605008651588,6674.477705500064,4325314.827758154,2058979.5173120245,2266335.310446129
False,967.4198270592981,14213.32074408375,370.6691569219215,5880.260148122139,2166922.750862226,1764215.6699067287,402707.0809554972
False,1074.1090522800043,14562.339296116952,391.1332707122224,5070.1054754362585,1926818.140760762,1776930.4030114675,149887.73774929438
False,1337.5952361011407,15173.342188415832,364.7563008914427,5552.113917978363,2082757.9114406265,1852229.0202715022,230528.89116912428
True,2178.169292779895,19527.6348165111,563.862634058254,7374.921687111377,4220980.485162279,2245128.215026457,1975852.2701358218
False,1239.8446329422502,15144.309779161202,440.4008734024103,5771.809236506252,2519342.5287663,1818542.5589604056,700799.9698058944
False,1103.7395819808048,15437.028942731744,445.8205172737271,5017.971318601777,2257991.6966064014,1725418.7694183134,532572.927188088
False,1184.3036830120975,14030.280829839003,430.7371356215897,5135.8295144225,2206240.2269366425,1761786.4774359062,444453.74950073636
False,1164.268742424128,14795.044744319635,429.34821865828724,5744.133490033923,2475971.1099988464,1846930.7333236267,629040.3766752197
False,1158.603198468562,14713.983876066255,378.9335558152385,5790.79797984658,2255612.908075101,1843577.7022995462,412035.205775555
False,899.2716195221242,14579.771057654483,373.56088584758055,5549.603143932133,2062369.0419982395,1736976.8531958947,325392.1888023447
False,1097.0488336845365,14575.444474546499,430.63615026204496,5233.07931562588,2325239.829839776,1799554.0895402327,525685.7402995431
False,1177.1869349181318,14811.150320568011,467.17324420570986,5836.303641749488,2715037.1123484885,1880149.7730284769,834887.3393200117
True,2231.9713347774514,19264.744999460563,577.2552833872347,6823.328780107997,3935060.43123178,2168713.669010013,1766346.762221767
False,1219.2891670958093,14945.82745618362,375.600413419339,5826.842992579963,2264137.3344446206,1895735.7614650852,368401.57297953544
True,2218.106594351537,19293.75978607449,536.3351832787561,7567.910935858593,4069945.5867139106,2297149.6456495984,1772795.9410643121
False,1152.7551709488664,15230.74623362495,396.1771899885122,5754.180495432764,2198397.3940189616,1885829.0354234069,312568.3585955547
False,1169.677370250263,14714.328647742761,475.2840337759174,5343.473175843336,2548659.6003844063,1798387.427639819,750272.1727445873
False,732.0693923934793,13792.839117597548,412.7291161863656,5173.947547140634,2084164.6691333435,1687621.1267125169,396543.5424208266
True,2105.5996407048424,19051.36780731036,553.6719819080243,7587.302777117724,4134372.850188503,2229906.941941044,1904465.9082474592
False,1265.65147936072,15760.945372413247,398.66852045424497,5385.033134220297,2109137.4776748703,1841952.0484434727,267185.4292313976
False,1411.6510883471249,16011.045130072056,403.07592600438966,5423.196103349298,2199003.0064924927,1823952.2315620077,375050.77493048506
False,1141.5886547048606,15515.184307436492,429.29646953275966,5644.6983237685745,2378714.355874852,1800475.0696873516,578239.2861875002
True,2061.2984987436457,21751.763869806604,566.8994241248566,8107.375550196941,4540016.190217274,2321011.473662268,2219004.7165550063
False,1115.33664543347,14629.540504976563,388.85211488650907,5460.255970421863,2108041.6206337824,1815130.6311105883,292910.98952319403
False,1058.8491522095662,15624.300517529984,413.4194055409958,6137.581239228563,2553579.613312167,1896986.4060491626,656593.2072630045
False,1114.427043991565,14563.179879798226,436.40346136086777,5122.35423514984,2207557.9871741086,1729882.1068128645,477675.8803612441
False,1158.6001771097056,15135.318991319562,445.09653187750973,5675.798261983078,2474020.666633242,1843837.92025682,630182.7463764218
False,1362.6525634403777,15599.169837108548,439.2686205693519,5716.548021115914,2424192.4590935586,1902261.094635365,521931.36445819354
True,2050.2653923088055,19958.76952856376,573.9876074615279,8249.624364348218,4704134.051831694,2306601.3400622867,2397532.7117694076
False,1105.134622839855,15244.753655483995,360.6723043690622,5231.425492457397,1920602.6251658965,1759914.0493825295,160688.57578336704
False,1217.025339389008,14647.318072228298,392.05193499930544,5246.289416170353,2096901.5260220782,1779973.3101498063,316928.2158722719
False,1226.108562667204,14979.499603824619,429.9428487646618,5296.9271734082095,2308968.4166956274,1842615.5396140816,466352.87708154577
True,1968.8521532830048,20007.023850486843,543.3227650071531,8011.642494112987,4345896.102461734,2303242.6487400043,2042653.4537217296
False,1337.1880351955513,16782.319794503965,428.8416728043984,5731.0370214916275,2462881.558549219,1832139.6827526314,630741.8757965874
True,1823.398133082802,18418.03451731455,569.350841778793,7584.09157149168,4368717.058177823,2150287.041479597,2218430.0166982263
False,1174.3746446300415,13192.979788767478,399.62426162739206,5438.077907315865,2138440.771295454,1826097.138823545,312343.6324719088
False,1279.8079278755094,14635.862084868293,459.1827452807766,5532.076930167115,2554797.2949414467,1830344.255873895,724453.0390675517
False,1039.3880976627775,14575.467024073372,427.65564204575014,5448.541635198608,2255263.715372529,1800983.5634469022,454280.1519256267
True,2093.3504498372054,19981.520463492612,637.9589660489268,6951.684750268949,4462181.522064315,2167559.4569517174,2294622.065112598
False,1355.1471660232567,15335.349205663877,387.126145421305,5680.997322920055,2181220.8742210865,1899192.6964782134,282028.1777428731
False,1254.4405517108362,16075.168434516912,459.5759417245796,5274.197149284406,2377668.8643225334,1750129.0725107002,627539.7918118332
True,1847.1808068427688,20111.678749928134,621.8178143584739,7381.080079378039,4620600.440494407,2157125.257305761,2463475.183188646
False,1112.6165967077702,14625.93871764248,315.1749027047345,5618.362029872184,1726317.3080383416,1827061.707462609,-100744.39942426747
True,2197.8764083005117,19652.310969444257,586.9105250880659,7329.210826966385,4266899.707811337,2233470.4828924765,2033429.2249188605
False,1235.8002294078353,14654.51255733455,473.97785431232586,5533.639745238446,2684295.4298462877,1801015.0251615455,883280.4046847422
True,2048.8169273812027,19396.486888030548,617.2320083408798,7245.729205588507,4430454.986085577,2174428.9061775072,2256026.0799080697
False,1252.944071365859,14804.026244832738,404.5537595201216,4967.5256883282245,1983390.9916566128,1741203.5471054243,242187.4445511885
False,1286.5258740007052,13672.276592212998,411.8523363264861,4759.961137201721,1933070.9354192792,1738844.7214224047,194226.2139968744
False,1114.9841716082408,14261.025342581417,374.39329265669807,4947.348500426049,1883646.133087737,1753719.5417509845,129926.59133675252
False,1165.1519903912454,14413.972757772619,427.220237152108,5174.822239697788,2137352.3165709265,1762538.6746456197,374813.64192530676
False,1217.1496379600183,14751.16678397588,357.23897715710916,5885.1475379844815,2152419.914207768,1867392.99676021,285026.91744755814
False,1134.725073385521,14494.470164947139,384.4642639604847,5531.136336007156,2116790.10572687,1749125.6610169827,367664.44470988703
True,2033.9858129755294,20286.372378606055,629.1707526162919,7629.423049823143,4787535.188093155,2205769.481537789,2581765.7065553656
False,1355.7446113418391,14775.03804685372,419.2802234643637,5008.336549181594,2064029.210849313,1837149.7369783248,226879.47387098824
True,1933.8616162369533,19046.547947680894,577.2800882892086,7970.153363622911,4595192.784324068,2213435.183220752,2381757.6011033156
False,1431.1995250962168,15922.623739432156,416.2931106931995,5735.7219517867225,2446557.274280355,1929879.5282361577,516677.7460441971
False,1425.5213252858384,15209.467818616204,515.9662904370521,6055.981565660408,3133196.438846828,1920679.475109117,1212516.9637377108
False,994.3872674442828,14581.338696027386,456.23157967653646,5001.712015564392,2244637.3662733426,1660372.345033974,584265.0212393687
False,1183.0772801864373,15441.787600967946,392.85255188915335,5476.477232351272,2137553.849586055,1856795.7153218533,280758.13426420186
True,2091.1229883574815,20198.467717358206,648.3362412671623,8242.766279753238,5365462.230122106,2365572.5911704255,2999889.6389516806
False,1108.6954694992285,14886.015329984033,416.8921771732006,5109.522050872087,2133532.7749900394,1737618.6497583932,395914.12523164623
False,1111.0703395578325,14489.77141303056,445.8900926676337,5380.762984781463,2388936.4822450313,1814399.4554634348,574537.0267815965
False,1171.5101163918544,15425.328972124336,399.4679341531675,5527.201240987547,2232122.577911927,1807016.045032479,425106.5328794478
True,2138.701370453386,20090.87823622663,557.1750404088697,7368.8896881429455,4120204.8771639834,2223062.680654265,1897142.1965097184
True,1988.6399393263487,19118.368378427665,618.0669431439518,7847.700506225783,4807295.622001477,2263257.9404892856,2544037.681512191
False,1419.2032573944139,15270.359549447483,393.0889637721733,5293.690622046707,2004294.7070592798,1822514.0180256967,181780.68903358304
False,1234.7968802806238,13867.196073083218,392.6538659575648,5444.081590489015,2157659.2112231464,1833377.2550650903,324281.95615805616
True,2037.690965910001,18825.05794145178,621.4242004705721,7435.962760739534,4695184.9781746315,2224655.093265727,2470529.8849089043
False,1373.911162215775,13602.76955621718,379.3275839606888,4818.6352623011335,1795012.0162658244,1744300.9350196032,50711.081246221205
False,1275.1537434072422,14448.43074073116,370.3261799388289,4824.709275085383,1781075.686467565,1752868.136955048,28207.54951251694
True,2094.314413082509,21028.345470865814,609.0769038722499,7256.157864336132,4473721.421318337,2183716.346735906,2290005.0745824315
True,2010.263154067657,19123.791613768448,521.4041431357515,7154.454157516718,3799947.398221561,2175838.3363583745,1624109.0618631868
False,1417.67827366713,16111.214592193544,393.68960201662134,5912.784574250573,2330411.241353789,1894761.213199306,435650.02815448283
True,2147.4185907687984,19950.699749044594,577.2023860799815,7631.4377917045595,4454873.113555415,2260066.793574268,2194806.3199811466
True,2025.5906396866346,19030.92359446554,542.9142553522034,7266.734595385356,3975239.1605242984,2237045.282852192,1738193.8776721065
False,1010.7361019180755,15630.218208218499,380.89133175081093,5695.69082356869,2147206.6338152024,1792648.201698898,354558.4321163043
True,2094.7541850114308,20351.395307743263,613.3055524952233,7871.021694846509,4746588.844542906,2235447.2203244786,2511141.624218427
False,1062.7511889478092,12973.982344722643,430.23585731427215,5062.168882309201,2141549.46648605,1786574.0207239164,354975.44576213346
False,994.0864857890015,15323.069544261623,386.90009860948777,5736.746933602014,2234317.127564526,1823545.1361045938,410771.9914599324
False,1166.5018193438682,13832.292020724355,438.5319948112282,4887.533481162788,2160110.000569421,1714166.2363033749,445943.764266046
False,1233.7765323108747,14800.94112562173,473.1747454353733,5527.204680500766,2595243.885596712,1820789.120990161,774454.764606551
False,1353.8977480419796,15850.656674816257,375.1153766523121,5859.329152366749,2163616.4635443715,1864462.875130612,299153.5884137596
False,1233.8942190342298,14691.47828114289,422.14395281947236,5138.805034540649,2105303.2604475673,1805941.9870468269,299361.27340074047
True,2146.72234326049,20959.183273880662,659.1827971636455,7496.320624723299,4874232.250745572,2260864.6498160847,2613367.6009294875
False,1052.8940753732213,15212.083165357577,441.39059611669467,5849.438084905047,2577002.1584404027,1858276.114576232,718726.0438641708
False,1197.2961387038931,13454.322683451064,448.4684793435241,5492.974435123278,2400436.5350567317,1824233.1229772796,576203.4120794521
False,1214.9053583165405,14490.582119169296,412.9946565324946,5162.267302956658,2131384.5721243634,1716127.4109711715,415257.16115319193
False,1303.4695421543893,15382.193261069762,392.0712685351834,5007.0949949509,1931218.8514701328,1736902.8196515439,194316.03181858896
False,1213.927280811722,14395.926660809595,460.0180093207077,5374.981094699471,2455541.5216130065,1813647.1892639182,641894.3323490883
False,1296.4894749743848,14916.9258843755,442.8803730456711,5118.338171360247,2351826.226467449,1706138.70559632,645687.5208711291
True,1989.496090266744,20294.59703689024,588.1966885167678,7831.735182281389,4608531.200743386,2253962.240601604,2354568.9601417817
False,1242.9545887455788,15268.194189004498,403.71324963118343,5460.244574128491,2190630.9640661175,1790374.7036998975,400256.26036622
False,1249.7839681505307,14170.924391921899,358.829617005331,6002.497627512729,2146940.4914379404,1911786.7771751836,235153.71426275675
False,1050.026913049602,14677.21032373732,425.4567180191652,5385.923012685104,2232530.8399746316,1772776.5254543582,459754.31452027336
True,2071.064635428117,19219.512453428597,565.7900532402688,7605.12883988212,4356472.221752044,2272515.280637028,2083956.9411150157
False,1161.556496765831,13694.062468932087,415.3851006066633,4712.932420081123,1991594.5642366223,1720275.4591435124,271319.1050931099
False,971.5094461660758,13314.572405796724,443.4841384488696,4061.616013312046,1779982.473104842,1596579.150139528,183403.3229653139
False,1315.0088016169677,15414.281107271549,448.7000946996263,5567.483478302936,2507301.8907106044,1818124.1624942578,689177.7282163466
False,1156.5769583634838,14750.482364678155,445.1650339166071,5413.4035686007865,2382994.8741879812,1819191.8054859722,563803.068702009
False,1097.7131930248968,14639.400290962336,498.9272516271846,5410.055474717001,2715075.358334334,1861296.932785265,853778.4255490692
False,1154.7219907567423,13739.744634731007,460.7791485213052,4834.221657280227,2173789.63026655,1673438.2205108062,500351.4097557438
False,1216.5840363777986,14754.265092317899,393.8872638479554,5050.95344860632,2000205.0618055526,1732731.2027308017,267473.8590747509
True,2230.9491381216567,19220.827084517794,561.3594326758417,6863.380647249134,3912874.2599137207,2221423.618119433,1691450.6417942876
False,1180.0880156392557,13998.456787324247,501.4852753606144,5162.508759887444,2606773.377976128,1787094.8383949648,819678.5395811631
False,1256.6888996350212,14867.439278012656,396.7835844597479,5679.751892312444,2230028.7391890166,1843126.9703558963,386901.76883312035
False,1364.8295252277314,14030.53945435811,418.45526301133924,4909.523811765875,2092406.8770903975,1793718.4676589966,298688.40943140094
False,1264.0260637528552,15636.003092737252,481.0700680714726,5370.250405592984,2661488.448033066,1822991.746650577,838496.701382489
False,1328.227698890255,17425.94104348223,480.0360556073458,5849.254569155501,2837090.452947764,1866623.1445048896,970467.3084428746
False,1142.8188169258854,15155.706084803789,418.08787897930637,4941.973822618293,2070068.7139849085,1716687.0684647302,353381.64552017837
False,1292.5259191768773,14163.44938092855,428.46800785386074,5251.833481185798,2218153.8961964706,1828126.0168956642,390027.87930080644
False,1193.042879991637,14619.235949243592,362.7711744271766,5714.033270902983,2090312.1215718677,1855940.7563829974,234371.36518887035
False,1328.9293484987015,13789.53628717287,388.2077954817269,5093.440381968943,2054203.9318961627,1820395.7133335818,233808.21856258088
True,1929.572851360943,19091.120100103264,577.2159304461612,6846.162477743473,3871038.8378679818,2137641.929263728,1733396.9086042535
False,1106.4530696108707,15112.069909078535,419.8018940678966,5434.520619552696,2320513.62631247,1776164.8430038134,544348.7833086567
True,2202.247788724646,20615.840982506346,578.6837833380023,8136.711535262928,4714494.690118075,2377878.1085314234,2336616.581586652
False,1176.4699232916757,13894.959337427434,425.3302893551506,5756.799041037788,2509075.269007585,1820688.8748906783,688386.3941169067
True,2006.9247223954637,19885.850421887077,666.7445529863395,7412.995162371824,4937456.745180624,2191267.721622348,2746189.023558276
False,1209.3086903220287,15943.10807927777,436.251930131466,5473.746254911649,2301383.468745049,1793686.0256692877,507697.44307576143
False,1117.2603051176566,16261.007158871564,430.8047515714171,5221.020006387441,2328897.7224342595,1726631.447525543,602266.2749087166
False,1359.8329642236672,14632.883719707963,420.0639224561996,4885.956442729429,2006038.7125156836,1785023.7513810284,221014.96113465517
True,1900.1004817988915,18582.46114544598,583.9832338250079,7080.105610927761,4166675.779365535,2111845.2145177997,2054830.5648477352
False,1181.9282401967514,14885.602058680559,463.15306100734125,5407.104124650208,2499214.015160328,1783324.591761857,715889.4233984707
False,1241.6343342842836,12344.641246970736,385.30584992495767,4809.772651565258,1851650.087632649,1764631.4692426526,87018.61838999647
False,1187.4663517120125,14371.988643073033,415.604716622688,5201.4939200425115,2167270.3609192846,1804019.8838907834,363250.4770285012
False,1103.7254945558543,14405.063714553144,381.64779691204546,4895.256889113573,1846429.3643330666,1705374.0032489593,141055.3610841073
False,1095.7932963896974,14216.496122551174,423.0495395673188,4745.912978711874,2015219.6547534068,1664012.3645361848,351207.29021722195
False,1251.047331098499,13577.027689290127,424.16676127817703,5068.97209352794,2162396.476711597,1768516.8089394728,393879.66777212406
False,1076.3423459799958,14362.225633395301,452.21772778395734,4956.861869856543,2273644.834194496,1679434.2652699316,594210.5689245642
False,1277.5491246858048,14367.170141195818,461.91815672857706,5577.765391364772,2581471.968651184,1811980.125819442,769491.8428317418
True,1867.1021963625649,19962.780023882464,613.2072516655056,7024.745677782013,4320372.67706046,2118991.0225433707,2201381.654517089
False,1133.4020283939979,13893.537532465109,476.77907504816244,5520.63248674437,2685249.4315686477,1805616.6613972238,879632.7701714239
False,1204.3567226843695,14636.34551765737,475.5976143790483,5039.759571871435,2360816.75704209,1743252.480849481,617564.276192609
False,1049.7417667866462,14309.727107681387,431.03755408192967,5297.799724549969,2286356.3911620528,1762809.7175019977,523546.67366005504
True,2128.241303623191,20418.593407887725,603.0671401918867,7686.392320773746,4654543.135851469,2302493.2329343734,2352049.9029170955
False,1197.7753424028597,12583.346681437393,352.23014079043696,4767.341457892693,1720618.8090074304,1742189.9825902884,-21571.17358285794
True,1925.6711582092548,19115.048337485812,601.2085121654644,6628.052623526471,3982298.370627758,2130387.7256746446,1851910.6449531135
False,1017.7334124299525,15126.213824178194,419.82179561427546,5353.5019400995525,2251490.75276468,1795850.8142855715,455639.9384791085
True,1862.129275435283,18943.59084754077,530.9026675840778,7778.00997790427,4115568.3684798162,2234662.724019136,1880905.6444606804
True,2056.1240734156395,18360.45450644839,574.9014888855371,6674.095391645037,3886557.618722408,2080758.2851624116,1805799.3335599964
False,1061.1803871520158,14840.771284490398,453.50983883702287,4792.578963481893,2160634.8313183705,1663353.3186134808,497281.51270488976
True,1886.2144479121057,19629.932890608212,546.6428985789107,7430.032020935765,4088985.944452457,2185943.0605107094,1903042.8839417477
False,1172.2528877409347,14569.966477816648,465.2532907639648,5116.76724219419,2376517.7935388177,1752204.5039658213,624313.2895729963
False,1473.3000629823641,14492.104014595117,436.61797615582924,4886.5427246468835,2134786.183384188,1757675.271989311,377110.9113948769
True,2083.304843348015,19133.32399306086,582.0064168414759,7050.2125498052765,4054346.6154658105,2182980.5932323467,1871366.0222334638
False,1291.550260020072,14817.339766005387,415.0185449487448,5270.841115022967,2189765.2933675586,1841495.264504359,348270.0288631995
True,2075.5262015522367,18993.28331354291,619.0474486487342,7036.027757725833,4354449.188651985,2165480.438220408,2188968.7504315767
False,1293.9578599330302,13377.338350321617,369.9012002171277,5122.2312513706165,1835375.4682617926,1788437.9656440262,46937.50261776638
False,1038.8293619442056,13800.832349628046,491.426667896393,5169.395344792426,2510761.113526322,1732213.4403130445,778547.6732132775
True,1998.3385635768898,19540.44301155994,561.5303164662932,7555.194742087158,4224316.80305315,2201254.6450515008,2023062.1580016492
True,2081.362101473205,19338.914982973292,563.2150865318519,7477.7689423978245,4150444.098416386,2285151.1108675627,1865292.9875488235
False,1197.8499820734032,14806.824401751604,462.72688690162494,5820.636433381202,2644678.4258895204,1822624.90273321,822053.5231563104
False,1176.960813586549,14899.99813367435,447.6518317254105,5703.286744153072,2611869.2900973414,1836673.8750907464,775195.415006595
True,1970.0948704308475,20335.145639361923,636.3887093477434,6653.914227065355,4193276.590122646,2086510.7730533483,2106765.8170692977
False,1168.9940276754955,16789.02737752759,456.6093375852568,5814.540984999465,2620706.588164595,1851322.563724137,769384.024440458
False,1107.0962611330401,15315.631982833062,433.17385750793403,5055.376822678965,2134026.634984304,1776795.3522903367,357231.28269396746
True,1759.3800382168263,17758.61639982644,545.3265548681919,6730.190870970397,3719247.0779974796,2103832.298748454,1615414.7792490255
True,1906.6589869953295,16984.731116216717,573.4506031486466,6879.840288020647,3981976.889271654,2114307.9053051905,1867668.9839664637
False,1257.0783526649327,14931.972094593457,426.9453777617604,5365.345035631791,2303437.9277932714,1844903.0457268024,458534.88206646894
True,2236.8493546805953,20232.688042965598,589.3986100338881,7462.492413831424,4401752.28423236,2227391.9889247636,2174360.2953075967
False,1417.6296205588424,14356.625114090102,348.1526012761082,5805.773790537269,2001620.2976144543,1906417.9416309735,95202.35598348081
False,1211.610209242645,15152.693425664214,456.5541875774246,4981.566270060581,2262978.5748651996,1806962.7114482643,456015.8634169353
False,1307.2060348132961,14447.048854469993,480.5899861690011,5144.79037896709,2445568.547463042,1773720.1370047352,671848.410458307
False,1308.957349285287,15503.900397788162,471.2433319542186,5673.31111308097,2699840.7290248987,1866206.7163001627,833634.012724736
False,1116.928897935831,14387.662999371349,384.3749130733093,5354.789485038394,2085934.5178572843,1830957.943754397,254976.57410288719
False,996.2472203447276,14748.70966047952,435.25883729084904,5005.112660216245,2215024.6539363777,1694752.3466941218,520272.3072422559
False,1203.7064783225776,13320.019873279296,345.5725670395277,5098.090558910922,1843716.0428085069,1769311.6283394569,74404.41446905001
False,988.5358803311353,13977.865925205355,479.1506349694065,5277.3121602336805,2556914.2178051644,1744657.669286352,812256.5485188125
True,2011.6084464454207,19494.12386564372,522.1043081577416,7611.203535347465,3999223.292823456,2197921.6026166566,1801301.6902067997
False,1272.9740504147242,13772.7504684054,434.3678067136521,5158.396954817774,2280789.4905052288,1799125.0259903676,481664.4645148611
False,1029.5916614279997,16165.124419831258,460.6902891018087,5820.391156606297,2619717.290308718,1806357.5610291346,813359.7292795836
True,2053.8754460717964,19242.604999686337,635.1962605825757,7242.946486284061,4600881.822263612,2240414.502556269,2360467.3197073434
True,2198.802173837088,21328.09977331655,602.0389680149518,7521.973755249966,4468021.201131434,2252272.7934852736,2215748.4076461606
True,2093.3814968825154,19226.207710509996,540.102248281264,7294.927160669941,4003096.6470265025,2197910.8990205163,1805185.7480059862
False,1262.6786040899615,14823.454609883005,416.45884724345,5543.3699963806985,2288865.093863494,1836519.6161553822,452345.477708112
True,2158.8088496580094,21046.652959718238,580.6088534035268,6918.425420343188,4087823.8814503783,2169476.430531762,1918347.4509186163
True,2257.9555686557414,20492.537525298794,602.8925705666431,7869.129506210699,4786700.6401363835,2300862.555728999,2485838.0844073845
False,1218.1707698067823,15096.458762797152,454.57110944055125,5521.022748595662,2487607.9878462637,1826538.8437658404,661069.1440804233
False,1347.540103371975,15473.445351451335,443.1714308807903,5230.436830399574,2251589.514517393,1791794.2587441525,459795.25577324047
True,2042.2996940395092,18471.97717707804,664.2565795184338,6689.174964103266,4398367.788105635,2101800.5082957437,2296567.2798098912
False,1134.4597421479818,14372.105254880838,443.1367799292776,5164.205627708594,2329998.3008856773,1780016.1930413356,549982.1078443418
True,2087.778516354108,18949.86735075633,576.3913872092941,7356.207918560401,4227202.782589867,2147138.867680896,2080063.9149089707
False,1127.3024582409994,14883.198186861282,477.0492843256064,5198.6528933440495,2420762.2383835544,1743481.7980743384,677280.440309216
False,1131.224494108012,14225.340468496077,408.9915177269368,5599.720037484001,2281249.5285501704,1820528.425009618,460721.1035405523
False,1127.0711243469304,14665.31748908286,429.86522288340353,5463.802484698209,2416406.9128189697,1812167.8278052527,604239.085013717
False,924.54909653602,14149.3545247516,426.32722742272614,4956.18048081581,2177324.157529385,1689760.5642805246,487563.5932488602
False,1212.6599373192716,14877.650503151739,339.7369024591417,5442.466770326018,1830083.356195901,1817759.590792002,12323.765403899131
False,1048.339756968544,14484.743007004128,429.6886983698499,5354.319392410232,2313015.138395398,1763795.3387127903,549219.7996826076
False,1187.1277055198068,14261.966197502297,430.13039837252074,5436.841271986346,2363060.5318088755,1752779.6683162877,610280.8634925878
False,1373.9962536581793,14348.988492778748,412.66032307596663,5483.380544334728,2203606.9808346867,1874632.9593212723,328974.02151341434
False,1137.4799612271252,14132.031228526837,415.0549558659281,5180.221331324872,2128759.636634292,1774840.2463580011,353919.39027629094
False,1134.9589009863028,15688.28586894641,375.04587772673534,5801.242519493113,2159515.5574887968,1818383.830038218,341131.7274505787
False,1363.6691261402154,15609.551528554884,422.8862158093301,5629.562714531221,2396826.560476791,1907916.152941963,488910.4075348282
False,1265.5566918557158,15565.595884986531,472.6023920240652,5771.070959027223,2707009.88683014,1885708.6970660926,821301.1897640473
True,2167.183251682317,21243.210928711473,583.7955651196156,7609.498793482344,4386496.168557199,2238890.86205508,2147605.3065021187
False,1157.3650519215607,13716.188284755899,401.72559869800506,5292.258095867212,2139003.8245518547,1817942.613204731,321061.21134712384
True,2139.769985544511,20394.405144640466,568.7294886816464,7125.141647108674,4026597.8713845024,2206200.146567219,1820397.7248172835
True,1967.6597693011838,18554.81675164037,660.5980767865566,7080.558759669746,4628287.651607059,2179841.042710204,2448446.608896855
False,1118.8797929253722,14384.412164040694,372.5664778893028,5447.05453813183,1980374.0521586048,1780272.842161571,200101.20999703393
False,1271.549313384608,15487.534210616648,449.57324185679,5547.001533898158,2484864.3290619683,1820574.578070754,664289.7509912143
False,1128.195219447273,16160.579267096236,423.8994131801338,5160.592154669287,2245614.2669884413,1737996.2428906546,507618.02409778675
False,1292.0542251892743,14396.981692226589,487.23137482099446,5614.648979055371,2728651.3020323636,1833321.8313082692,895329.4707240944
True,2337.002144251516,20323.48851796918,635.8942897309413,7794.781319446573,4999581.934099689,2241219.2852231027,2758362.6488765865
False,997.6616955663258,15435.001192918608,416.9088690913295,5604.317119618553,2246644.2502111206,1830676.6959634477,415967.5542476729
True,1959.7354748654507,18162.537832248247,536.0485976848338,7214.27635352427,3833656.2802664,2135597.510948647,1698058.7693177531
True,2184.4175418211207,20368.503723606595,640.0373945145168,7248.661682699306,4589094.943620794,2230768.372689217,2358326.5709315776
False,1182.5906196608132,14560.767151827855,471.03152836755254,5379.849034847866,2523096.3058191026,1761474.2007561706,761622.105062932
False,1339.3307819751087,14420.86840241721,381.3284301918539,5831.629804477789,2254574.0311410245,1889302.311998518,365271.7191425066
False,1078.792287224051,14721.069230103969,446.08317240217957,4970.728747313376,2195499.776057722,1693818.8756193765,501680.9004383455
False,1239.7613013369564,15510.860398870838,391.9731707899211,6477.1390230008465,2489085.053532,1952191.1247791531,536893.928752847
False,1181.9332418612587,14015.749994373433,392.83333927723874,5087.979631698833,2036637.6055643035,1714375.116026024,322262.48953827936
False,1216.844486744801,15262.41757184959,363.6740303197385,5899.599572797995,2115045.853618986,1856053.8755522156,258991.97806677036
False,1239.7339222866435,15131.394404146033,452.65168296247595,5186.281720772296,2358481.473472149,1804760.6127593587,553720.8607127904
False,1053.5992364812853,13411.006192152641,429.4894949134758,5081.444557659865,2155827.1659127446,1746116.5495407155,409710.61637202906
False,1071.1035017568847,15968.719984462634,437.3074905747913,5333.819197492184,2353204.1493111155,1780615.4680859514,572588.6812251641
False,1367.9092808274509,16263.894676824013,470.8366227854365,5539.796953396558,2592997.402292911,1826965.1038510452,766032.2984418657
True,2085.185645389715,19030.511475835112,613.401862280772,7113.776534197597,4395410.086878862,2113376.5427320767,2282033.5441467855
False,1212.7615599543153,14382.659949432595,440.45969648926484,5037.132108727313,2243493.8566237846,1734205.8667678642,509287.98985592043
False,1194.7110332863735,15561.008690260107,446.22458576733317,5503.424445445551,2544614.0715444093,1803217.5310476995,741396.5404967098
True,2092.785099844734,19376.780096982777,552.7399854528119,7700.339917312942,4253078.797952009,2301195.1257983013,1951883.672153708
False,1061.2875912713464,12891.343474350875,418.79372028845074,4446.690035548356,1823232.6096760067,1675574.3122810887,147658.29739491805
False,1080.116720172552,15536.274029574779,377.78084558738124,5346.594565651398,1973396.3257311154,1788171.006957476,185225.3187736394
False,1356.540989664772,15263.601655864648,388.50304112871436,5616.1921909725725,2158015.0624859473,1843261.05153883,314754.01094711735
False,1218.1530266216596,16639.89083576041,416.7864224477096,5789.1375044810475,2427846.481942529,1837796.1034969063,590050.3784456225
False,1302.036104838484,15446.607062464449,457.16606663611407,5218.525268641307,2357179.6700940286,1818973.075290709,538206.5948033195
False,1127.3203191694472,14877.462006451384,492.0374904864635,5318.773457943917,2677794.646261221,1771923.4663539773,905871.1799072435
False,1365.2070456431165,17863.547342798196,382.01823929876156,6225.717667545492,2386350.4283490838,1931321.660559716,455028.7677893678
True,2091.4334086383424,19664.759569375732,596.0665645725469,7508.136800556878,4436268.550842972,2289137.098609035,2147131.4522339366
False,1257.7494983100103,14161.964607554833,417.51813473278514,5201.625091352483,2153254.6757151657,1760574.0956962677,392680.580018898
False,1265.8475205258937,15244.312230874468,438.45324678480125,5436.022704958456,2357906.5865192907,1813428.8588514533,544477.7276678374
False,1104.3588912753444,15672.640751779785,440.38434588081384,5600.551546430514,2473525.919651398,1808322.0139473067,665203.9057040913
False,976.1134963919927,13294.064261572996,432.68474075035755,5229.821921395703,2221849.1975276545,1726276.1507440521,495573.04678360233
True,1921.0236799497877,18593.018233504583,556.1488210143383,7559.8391771558245,4255674.21794448,2167006.1213162006,2088668.096628279
True,2245.6627428863635,20594.389971466062,603.813639803349,7622.808425045837,4588503.326713194,2310898.2821640144,2277605.0445491797
False,1356.0820764384584,12376.986130937035,451.231434957722,4301.642698475166,1931545.2202413285,1647374.1150203503,284171.10522097815
False,1158.3694358426435,13796.67585383827,402.0313208643724,4681.552633779833,1919056.7872086382,1678296.2148084939,240760.5724001443
False,1163.7988407556627,15509.052892011452,489.23577232566885,4804.17087693775,2320433.370095062,1730075.9736108796,590357.3964841824
False,1324.3927052683023,14650.47656810614,411.77803863185835,5018.800107838018,2066576.8167904713,1740278.702817452,326298.1139730194
False,1179.7908152695697,13367.663137225018,397.8148930771893,4758.973244487718,1964878.9843071678,1714556.967829188,250322.01647797972
False,1044.0888155843065,16238.823149988712,430.3732663442776,5795.139747645216,2510518.9506200706,1823165.4142186071,687353.5364014634
False,1351.8651711115394,13974.994769121753,410.98436805511415,4606.368046415903,1904898.1783124628,1721542.4237569517,183355.75455551106
False,1257.2614293496717,14546.398438175298,372.14895150630804,5848.5289888391235,2157468.1169778486,1869841.20990191,287626.90707593854
False,898.0392341995739,13819.83581271735,419.0845124716961,5426.848442604018,2234538.531835125,1715904.3466869523,518634.18514817255
False,1162.4171873364146,14864.631204187326,475.8495854314442,5681.241297928783,2773368.6781542646,1819687.2007221314,953681.4774321332
False,1217.2404243941207,14588.822336832336,490.08863111039426,5042.602374403238,2464917.777354867,1801004.5681448153,663913.2092100519
False,1257.7496192470546,14945.730515482532,400.1535488828247,5556.61243520303,2299417.839840725,1871095.3580367689,428322.4818039562
True,2068.2581427173964,19815.564663690067,621.6846111274635,7117.090881269495,4397230.08690068,2159402.3444105894,2237827.742490091
True,1973.710984330765,19458.897576504052,594.6385309198579,7813.335080791933,4696308.205377048,2283811.303509614,2412496.901867434
False,1186.1089147164016,14930.60785194328,429.9360320378307,5055.4027727452485,2165287.137740735,1730644.920163127,434642.21757760807
False,1235.376038153232,12823.869372533032,464.35799246248087,4564.3572300727055,2136167.030950875,1662461.6115558115,473705.41939506354
False,1167.839509726318,15199.77305133397,449.8225034901165,5887.311670948747,2696913.620325173,1803365.340220653,893548.2801045198
False,1155.3719136352552,13508.88156454168,425.40121455165223,5748.805674083638,2463210.300411792,1810368.015705648,652842.2847061439
False,1350.250072639778,13290.619214229311,387.49395000100515,4984.679920590365,1963636.392659579,1791347.2317413855,172289.1609181934
False,1086.4070777676898,15850.59010248454,380.66067054519516,5669.585421952065,2095671.003065684,1811968.870164983,283702.13290070114
True,2008.0643834668106,18462.39076904115,587.759366134344,6311.058917349395,3690955.927785852,2111657.62813589,1579298.2996499622
False,956.2477184341092,14456.87671960065,431.3264664613409,5787.545687914891,2578109.1876451923,1840126.1430537668,737983.0445914255
False,1264.9163956141695,14340.494011115617,437.6110162290676,5319.38082427433,2318654.191679815,1795928.8525396255,522725.33914018935
True,2149.3917351816262,19347.9205701525,617.3689273681479,6704.456070158769,4151868.037834567,2130277.4675991177,2021590.5702354494
False,1265.8184199115901,15473.253499511758,454.28547950793325,5794.812158880728,2625975.4296064638,1862037.3592876627,763938.0703188011
False,1310.1206984953474,14200.887213116475,335.89231561359,5572.645917319559,1846945.8203513594,1877137.6650429722,-30191.844691612758
False,1252.8848093716274,15342.33039036539,451.62041165603705,5393.138406850933,2375889.032840277,1802572.7151259878,573316.3177142893
False,1241.1018469144094,15321.267661213291,383.33932781968167,5462.350732050903,2048264.1878241533,1820657.8451171764,227606.34270697692
